[
    {"id":1,
      "post":"Web-developer",
      "postDetail":"Writing well designed, testable, efficient code by using best software development practice.Creating website layout/user interfaces by using standard HTML/CSS practices.Integrating data from various back-end services and databases",
      "image":"https://st2.depositphotos.com/1003697/8476/i/950/depositphotos_84761634-stock-photo-startup-business-software-developer-working.jpg",
      "author":"Ankit Jaiswal",
      "date":"27-12-2021"
    },
    {"id":2,
      "post":"Web-developer",
      "postDetail":"Writing well designed, testable, efficient code by using best software development practice.Creating website layout/user interfaces by using standard HTML/CSS practices.Integrating data from various back-end services and databases",
      "image":"https://st2.depositphotos.com/1003697/8476/i/950/depositphotos_84761634-stock-photo-startup-business-software-developer-working.jpg",
      "author":"Ankit Jaiswal",
      "date":"27-12-2021"
    },
    {"id":3,
      "post":"Web-developer",
      "postDetail":"Writing well designed, testable, efficient code by using best software development practice.Creating website layout/user interfaces by using standard HTML/CSS practices.Integrating data from various back-end services and databases",
      "image":"https://st2.depositphotos.com/1003697/8476/i/950/depositphotos_84761634-stock-photo-startup-business-software-developer-working.jpg",
      "author":"Ankit Jaiswal",
      "date":"27-12-2021"
    },
    {"id":4,
      "post":"Web-developer",
      "postDetail":"Writing well designed, testable, efficient code by using best software development practice.Creating website layout/user interfaces by using standard HTML/CSS practices.Integrating data from various back-end services and databases",
      "image":"https://st2.depositphotos.com/1003697/8476/i/950/depositphotos_84761634-stock-photo-startup-business-software-developer-working.jpg",
      "author":"Ankit Jaiswal",
      "date":"27-12-2021"
    },
    {"id":5,
      "post":"Web-developer",
      "postDetail":"Writing well designed, testable, efficient code by using best software development practice.Creating website layout/user interfaces by using standard HTML/CSS practices.Integrating data from various back-end services and databases",
      "image":"https://st2.depositphotos.com/1003697/8476/i/950/depositphotos_84761634-stock-photo-startup-business-software-developer-working.jpg",
      "author":"Ankit Jaiswal",
      "date":"27-12-2021"
    },
    {"id":6,
      "post":"Web-developer",
      "postDetail":"Writing well designed, testable, efficient code by using best software development practice.Creating website layout/user interfaces by using standard HTML/CSS practices.Integrating data from various back-end services and databases",
      "image":"https://st2.depositphotos.com/1003697/8476/i/950/depositphotos_84761634-stock-photo-startup-business-software-developer-working.jpg",
      "author":"Ankit Jaiswal",
      "date":"27-12-2021"
    },
    {"id":7,
      "post":"Web-developer",
      "postDetail":"Writing well designed, testable, efficient code by using best software development practice.Creating website layout/user interfaces by using standard HTML/CSS practices.Integrating data from various back-end services and databases",
      "image":"https://st2.depositphotos.com/1003697/8476/i/950/depositphotos_84761634-stock-photo-startup-business-software-developer-working.jpg",
      "author":"Ankit Jaiswal",
      "date":"27-12-2021"
    },
    {"id":8,
      "post":"Web-developer",
      "postDetail":"Writing well designed, testable, efficient code by using best software development practice.Creating website layout/user interfaces by using standard HTML/CSS practices.Integrating data from various back-end services and databases",
      "image":"https://st2.depositphotos.com/1003697/8476/i/950/depositphotos_84761634-stock-photo-startup-business-software-developer-working.jpg",
      "author":"Ankit Jaiswal",
      "date":"27-12-2021"
    },
    {"id":9,
      "post":"Web-developer",
      "postDetail":"Writing well designed, testable, efficient code by using best software development practice.Creating website layout/user interfaces by using standard HTML/CSS practices.Integrating data from various back-end services and databases",
      "image":"https://st2.depositphotos.com/1003697/8476/i/950/depositphotos_84761634-stock-photo-startup-business-software-developer-working.jpg",
      "author":"Ankit Jaiswal",
      "date":"27-12-2021"
    },
    {"id":10,
      "post":"Web-developer",
      "postDetail":"Writing well designed, testable, efficient code by using best software development practice.Creating website layout/user interfaces by using standard HTML/CSS practices.Integrating data from various back-end services and databases",
      "image":"https://st2.depositphotos.com/1003697/8476/i/950/depositphotos_84761634-stock-photo-startup-business-software-developer-working.jpg",
      "author":"Ankit Jaiswal",
      "date":"27-12-2021"
    }
  
    ]